product_id,product_name,product_name_original,brand,category,subcategory,sku,price,price_unit,dosage_form,ingredients,specification,is_active,source_database,ai_extracted_product,has_ai_match,ai_match_confidence,total_quantity_purchased,purchase_frequency,avg_quantity_per_purchase,avg_purchase_price,min_purchase_price,max_purchase_price,pharmacies,first_purchase_date,last_purchase_date,promotion_programs,promotion_categories,promotion_count,has_purchase_data,has_promotion_data,data_completeness_score
LC_00047382,"BỔ SUNG VITAMIN D3 HỖ TRỢ XƯƠNG, RĂNG D3 DROPS DAO NORDIC HEALTH 10ML","BỔ SUNG VITAMIN D3 HỖ TRỢ XƯƠNG, RĂNG D3 DROPS DAO NORDIC HEALTH 10ML",DAO Nordic Health,Thực phẩm chức năng,Cải thiện tăng cường chức năng,00047382,270000.0,Hộp,Dung dịch,Vitamin D3 10mcg,Hộp,True,Long Chau,Vitamin D3,True,1.0,262,2,131.0,325614.5,152329,498900,"Nhà thuốc Gia Hân, Nhà thuốc Trung Sơn",15/02/2025,31/08/2025,"Cứ 3 tặng 1 cùng loại (33%); Mua 10 tặng 1, áp dụng cho đơn hàng từ 3 triệu trở lên","Khác, Vitamin & Khoáng chất",2,True,True,1.0
LC_00046430,"SIRO HO, BỔ PHẾ LÁBEBÉ 120ML","SIRO HO, BỔ PHẾ LÁBEBÉ 120ML",LÁBEBÉ,Thực phẩm chức năng,Cải thiện tăng cường chức năng,00046430,75000.0,Hộp,Siro,"Mạch môn 200mg, Cát cánh 90mg, Cam thảo 25mg, Xuyên tâm liên 2.5mg, Dịch chiết lá Thường xuân 9mg, Keo Ong 0.5mg",Hộp,True,Long Chau,Siro ho,True,1.0,0,0,0.0,0.0,0,0,,,,Cứ 5 hộp tặng 2 hộp 2 vỉ (8.3%) hoặc cứ 10,Khác,1,False,True,0.8
LC_00045955,VIÊN UỐNG BỔ SUNG CANXI GIÚP XƯƠNG CHẮC KHỎE NUTRIGROW NUTRIMED 60V,VIÊN UỐNG BỔ SUNG CANXI GIÚP XƯƠNG CHẮC KHỎE NUTRIGROW NUTRIMED 60V,NUTRIMED,Thực phẩm chức năng,Vitamin & Khoáng chất,00045955,480000.0,Hộp,Viên nén,"Calcium Citrate 476mg, Calcium Carbonate 375mg, Vitamin D3 200iu, Vitamin K2 30mcg, Dibasic Calcium Phosphate 152mg, Magie oxide 20mg, Kẽm oxide 1.25mg, boron citrate 926mcg, Đồng Oxit 156mcg",Hộp 60 Viên,True,Long Chau,Canxi,True,1.0,0,0,0.0,0.0,0,0,,,,"Chiết khấu theo bậc: >50 hộp 5%, >100 hộp",Khác,1,False,True,0.8
LC_00045954,VIÊN UỐNG BỔ SUNG VITAMIN VÀ KHOÁNG CHẤT EASYLIFE IMMUVITA 100V,VIÊN UỐNG BỔ SUNG VITAMIN VÀ KHOÁNG CHẤT EASYLIFE IMMUVITA 100V,EASYLIFE,Thực phẩm chức năng,Vitamin & Khoáng chất,00045954,390000.0,Hộp,Viên nén,"Canxi hydrogen phosphat , Magie oxide , Canxi carbonat , Vitamin C , Vitamin E , Niacin , Sắt fumarate , Panthothenic Acid , Lutein , Vitamin A , Đồng sulfat , Kẽm (kẽm oxit) , Mangane Sulphate , Vitamin D3 , Vitamin B6 , Vitamin K1 , Vitamin B2 , Vitamin B1 , Coenzyme Q10 , Vitamin B12 , Folic Acid , Crom (III) Chloride , Kali lodide , Natri Molybdate , Natri selenite , Biotin ",Hộp 100 Viên,True,Long Chau,Vitamin D3,True,1.0,262,2,131.0,325614.5,152329,498900,"Nhà thuốc Gia Hân, Nhà thuốc Trung Sơn",15/02/2025,31/08/2025,"Cứ 3 tặng 1 cùng loại (33%); Mua 10 tặng 1, áp dụng cho đơn hàng từ 3 triệu trở lên","Khác, Vitamin & Khoáng chất",2,True,True,1.0
LC_00045449,ỐNG UỐNG CANXI-D3-K2 KINGPHAR 6X5 ỐNG,ỐNG UỐNG CANXI-D3-K2 KINGPHAR 6X5 ỐNG,Kingphar,Thực phẩm chức năng,Vitamin & Khoáng chất,00045449,105000.0,Hộp,Hỗn dịch,"Calci glucoheptonat 550mg, Vitamin D3 100iu, Vitamin K2 10mcg",Hộp 6 Vỉ x 5 Ống,True,Long Chau,Canxi,True,1.0,0,0,0.0,0.0,0,0,,,,"Chiết khấu theo bậc: >50 hộp 5%, >100 hộp",Khác,1,False,True,0.8
LC_00045391,SIRO BRAUER BABY KIDS D3+K2 HIGH POTENCY MK-7 DROPS 10ML,SIRO BRAUER BABY KIDS D3+K2 HIGH POTENCY MK-7 DROPS 10ML,Brauer,Thực phẩm chức năng,Vitamin & Khoáng chất,00045391,396000.0,Hộp,Dung dịch uống,"Vitamin K2 11.25mcg, Vitamin D3 5mcg",Hộp,True,Long Chau,Siro ho,True,1.0,0,0,0.0,0.0,0,0,,,,Cứ 5 hộp tặng 2 hộp 2 vỉ (8.3%) hoặc cứ 10,Khác,1,False,True,0.8
LC_00045385,SIRO TĂNG CƯỜNG SỨC ĐỀ KHÁNG VÀ CHIỀU CAO CHO TRẺ KID GROW KENKO 100ML,SIRO TĂNG CƯỜNG SỨC ĐỀ KHÁNG VÀ CHIỀU CAO CHO TRẺ KID GROW KENKO 100ML,KENKO,Thực phẩm chức năng,Cải thiện tăng cường chức năng,00045385,480000.0,Hộp,Siro,"Inulin 1500mg, Mật ong 1350mg, Oligosaccharide 450mg, Magie clorua 62.85mg, Vitamin C 30mg, Sodium Ferrous Citrat 22.5mg, Canxi lactate 20.55mg, Acid folic 7.5mg, Vitamin A 3.09mg, Kẽm 1.5mg, Actobacillus 1.5mg, Hoa cúc tím 0.75mg, Quả la hán 0.75mg, Vitamin D3 0.705mg, Vitamin B12 0.6mg, Vitamin B2 0.45mg, Vitamin B6 0.375mg, Vitamin B1 0.3mg, Dầu cá tinh luyện 0.15mg",Hộp x 100ml,True,Long Chau,Siro ho,True,1.0,0,0,0.0,0.0,0,0,,,,Cứ 5 hộp tặng 2 hộp 2 vỉ (8.3%) hoặc cứ 10,Khác,1,False,True,0.8
LC_00040747,"VIÊN UỐNG BỔ SUNG CANXI, GIẢM NGUY CƠ LOÃNG XƯƠNG CALCIUM PREMIUM JPANWELL 120V","VIÊN UỐNG BỔ SUNG CANXI, GIẢM NGUY CƠ LOÃNG XƯƠNG CALCIUM PREMIUM JPANWELL 120V",Jpanwell,Thực phẩm chức năng,Hỗ trợ điều trị,00040747,920000.0,Hộp,Viên nang cứng,"Canxi từ vỏ sò 1680mg, Chất xơ hòa tan 40mg, Vi khuẩn acid lactic 20mg, Magie 16mg, Sắt 4mg, Vitamin B2 2.4mg, Vitamin B1 2mg, Vitamin D3 0.06mg, Vitamin K2 0.04mg",Hộp 120 Viên,True,Long Chau,Canxi,True,1.0,0,0,0.0,0.0,0,0,,,,"Chiết khấu theo bậc: >50 hộp 5%, >100 hộp",Khác,1,False,True,0.8
LC_00040073,VIÊN UỐNG HÕ TRỢ PHỤ NỮ MANG THAI VÀ PHỤ NỮ CHO CON BÚ BRAUER ULTRA PURE DHA FOR PREGNANCY & BREASTFEEDING 60V,VIÊN UỐNG HÕ TRỢ PHỤ NỮ MANG THAI VÀ PHỤ NỮ CHO CON BÚ BRAUER ULTRA PURE DHA FOR PREGNANCY & BREASTFEEDING 60V,Brauer,Thực phẩm chức năng,Vitamin & Khoáng chất,00040073,550000.0,Hộp,Viên nang mềm,"Omega-3 triglycerides từ dầu cá cô đặc 638.3mg, Kẽm glycinat 17.7mg, Chiết xuất hoa cúc vạn thọ 6.86mg, Lutein 515mcg, Colecalciferol 5mcg",Hộp 60 Viên,True,Long Chau,DHA,True,1.0,571,6,95.17,260824.17,130615,482228,"Nhà thuốc Tâm Đức, Nhà thuốc Phúc An, Nhà thuốc Long Châu, Nhà thuốc An Khang",07/09/2025,21/08/2025,"Cứ 2 hộp tặng 5 hộp DHA 1 vỉ (26.3%), tối đa",Khác,1,True,True,1.0
LC_00039928,VIÊN SỦI KUDOS KIDS MULTIVITAMINS PLUS CALCIUM & D3 HƯƠNG DƯA HẤU 20V,VIÊN SỦI KUDOS KIDS MULTIVITAMINS PLUS CALCIUM & D3 HƯƠNG DƯA HẤU 20V,KUDOS,Thực phẩm chức năng,Vitamin & Khoáng chất,00039928,159000.0,Tuýp,Viên sủi,"Calci carbonat 200mg, Vitamin C 80mg, Niacin 15mg ne, Vitamin E 12mg α-te, Acid pantothenic 6mg, Vitamin B6 1.4mg, Vitamin B2 1.4mg, Vitamin B1 1.1mg, Vitamin A 500mcg re, Acid folic 200mcg, Biotin 50mcg, Vitamin D3 5mcg, Vitamin B12 2.5mcg",Tuýp 20 Viên,True,Long Chau,Vitamin D3,True,1.0,262,2,131.0,325614.5,152329,498900,"Nhà thuốc Gia Hân, Nhà thuốc Trung Sơn",15/02/2025,31/08/2025,"Cứ 3 tặng 1 cùng loại (33%); Mua 10 tặng 1, áp dụng cho đơn hàng từ 3 triệu trở lên","Khác, Vitamin & Khoáng chất",2,True,True,1.0
LC_00502520,VIÊN XƯƠNG KHỚP TRIPLE STRENGTH GLUCOSAMINE 1500MG PHARMEKAL 60V,VIÊN XƯƠNG KHỚP TRIPLE STRENGTH GLUCOSAMINE 1500MG PHARMEKAL 60V,Pharmekal,Thực phẩm chức năng,Hỗ trợ điều trị,00502520,326000.0,Hộp,Viên nén,"Glucosamine Hydrochloride 1500mg, MSM 500mg, Collagen type I&III 400mg, Stearic acid , Magnesium stearate , Silicon Dioxyde , Croscamello Sodium , Chondroitin sulfate 100mg, Vitamin D3 400iu",Hộp 60 Viên,True,Long Chau,Glucosamine,True,1.0,270,4,67.5,336999.75,175318,481817,"Nhà thuốc Minh Châu, Nhà thuốc Tâm Đức, Nhà thuốc Phúc An, Nhà thuốc An Khang",02/01/2025,28/05/2025,"Tích điểm 5% + hỗ trợ POSM (poster,",Khác,1,True,True,1.0
LC_00500791,VIÊN UỐNG TĂNG ĐỀ KHÁNG MULTIVITAMIN +ZN +D3 ROYAL CARE 60V,VIÊN UỐNG TĂNG ĐỀ KHÁNG MULTIVITAMIN +ZN +D3 ROYAL CARE 60V,Royal Care,Thực phẩm chức năng,Vitamin & Khoáng chất,00500791,175000.0,Hộp,Viên nang cứng,"Vitamin B1 10mg, Vitamin C 200mg, Aquamin F 50mg, Kẽm Gluconat 35mg, Đông trùng hạ thảo 35mg, Magnesium oxide 30mg, Thái tử sâm 15mg, Vitamin E 15mg, Vitamin PP 10mg, Iron ferronyl 9mg, Vitamin H 200mcg, Vitamin B6 3mg, Vitamin B5 3mg, Mangan gluconat 1mg, Crom picolinat 0.1mg, Selen 2000ppm 1000mcg, Vitamin K 1000mcg, Vitamin B9 400mcg, Vitamin B12 5mcg, Vitamin A 500iu, Vitamin D3 400iu, Vitamin B2 3mg",Hộp 60 Viên,True,Long Chau,Multivitamin,True,1.0,1327,11,120.64,219462.55,35047,488203,"Nhà thuốc An Khang, Nhà thuốc Tâm Đức, Nhà thuốc Minh Châu, Nhà thuốc Phúc An, Nhà thuốc Gia Hân, Nhà thuốc Hoa Sen",04/05/2025,27/04/2025,"Chiết khấu theo bậc: >50 hộp 5%, >100 hộp",Khác,1,True,True,1.0
LC_00032918,VIÊN UỐNG BỔ XƯƠNG KHỚP GLUCOSAMINE AND CHONDROITIN JPANWELL 120V,VIÊN UỐNG BỔ XƯƠNG KHỚP GLUCOSAMINE AND CHONDROITIN JPANWELL 120V,Jpanwell,Thực phẩm chức năng,Hỗ trợ điều trị,00032918,960000.0,Hộp,Viên nang,"Canxi từ vỏ sò 200mg, Glucosamine 1600mg, Collagen 100mg, Chondroitin 31.6mg, Collagen type II 12mg, Hyaluronic acid 4mg, Vitamin B12 2.08mg, Vitamin B1 2.08mg, Elastin 2mg",Hộp 120 Viên,True,Long Chau,Glucosamine,True,1.0,270,4,67.5,336999.75,175318,481817,"Nhà thuốc Minh Châu, Nhà thuốc Tâm Đức, Nhà thuốc Phúc An, Nhà thuốc An Khang",02/01/2025,28/05/2025,"Tích điểm 5% + hỗ trợ POSM (poster,",Khác,1,True,True,1.0
LC_00030788,VIÊN UỐNG BỔ KHỚP VITATREE GLUCOSAMINE 1500 PLUS SHARK CARTILAGE 100V,VIÊN UỐNG BỔ KHỚP VITATREE GLUCOSAMINE 1500 PLUS SHARK CARTILAGE 100V,Vitatree,Thực phẩm chức năng,Hỗ trợ điều trị,00030788,643000.0,Hộp,Viên nén,"bột sụn vi cá mập 250mg, Glucosamine Hydrochloride 1500mg",Hộp 100 viên,True,Long Chau,Glucosamine,True,1.0,270,4,67.5,336999.75,175318,481817,"Nhà thuốc Minh Châu, Nhà thuốc Tâm Đức, Nhà thuốc Phúc An, Nhà thuốc An Khang",02/01/2025,28/05/2025,"Tích điểm 5% + hỗ trợ POSM (poster,",Khác,1,True,True,1.0
LC_00502062,NƯỚC UỐNG COLLAGEN JPANWELL HANA COLLA Q10 10 CHAI X 50ML,NƯỚC UỐNG COLLAGEN JPANWELL HANA COLLA Q10 10 CHAI X 50ML,Jpanwell,Thực phẩm chức năng,Hỗ trợ làm đẹp,00502062,970000.0,Hộp,Dung dịch uống,"Bột chiết xuất hoa Anh đào 50mg, Coenzym Q10 200mg, N-Acetylglucosamine 300mg, Vitamin C 300mg, Peptide collagen cá 5000mg",Hộp 10 Chai x 50ml,True,Long Chau,Collagen,True,1.0,1635,16,102.19,240264.94,47059,491883,"Nhà thuốc Gia Hân, Nhà thuốc Tâm Đức, Nhà thuốc Trung Sơn, Nhà thuốc An Khang, Nhà thuốc Phúc An, Nhà thuốc Long Châu, Nhà thuốc Minh Châu, Nhà thuốc Hoa Sen",03/05/2025,26/03/2025,Mua 10 tặng 2 + đào tạo kiến thức sản phẩm; Cứ 7 tặng 1 cùng loại (14%) hoặc tích điểm,Khác,2,True,True,1.0
LC_00028829,VITAMIN D3+ DHA HATRO 20ML,VITAMIN D3+ DHA HATRO 20ML,Hatro,Thực phẩm chức năng,Vitamin & Khoáng chất,00028829,320000.0,Hộp,Dung dịch,"Vitamin D3 400iu, Dầu cá 400mg, Vitamin E 5iu",Hộp x 20ml,True,Long Chau,DHA,True,1.0,571,6,95.17,260824.17,130615,482228,"Nhà thuốc Tâm Đức, Nhà thuốc Phúc An, Nhà thuốc Long Châu, Nhà thuốc An Khang",07/09/2025,21/08/2025,"Cứ 2 hộp tặng 5 hộp DHA 1 vỉ (26.3%), tối đa",Khác,1,True,True,1.0
LC_00029661,MORNINGKIDS MULTIVITAMIN 150ML,MORNINGKIDS MULTIVITAMIN 150ML,Morningkids,Thực phẩm chức năng,Vitamin & Khoáng chất,00029661,275000.0,Chai,Siro,"Hạt Methi 30mg, Vitamin B3 15.3mg, Canxi 25mg, Magie 9mg, Vitamin E 11mg, Vitamin B5 3.7mg, Vitamin B6 1.3mg, Vitamin B1 1.18mg, Vitamin B2 1.4mg, Sắt 2mg, Vitamin B8 100Mcg, Vitamin A 50Mcg, Vitamin B12 14Mcg, Vitamin D 2Mcg, Kẽm 5mg, Vitamin B9 , Vitamin C ",Chai x 150ml,True,Long Chau,Multivitamin,True,1.0,1327,11,120.64,219462.55,35047,488203,"Nhà thuốc An Khang, Nhà thuốc Tâm Đức, Nhà thuốc Minh Châu, Nhà thuốc Phúc An, Nhà thuốc Gia Hân, Nhà thuốc Hoa Sen",04/05/2025,27/04/2025,"Chiết khấu theo bậc: >50 hộp 5%, >100 hộp",Khác,1,True,True,1.0
LC_00045382,VIÊN UỐNG HỖ TRỢ LÀM ĐẸP VÀ GIẢM LÃO HÓA DA OMEXXEL COLLAGEN 3X10,VIÊN UỐNG HỖ TRỢ LÀM ĐẸP VÀ GIẢM LÃO HÓA DA OMEXXEL COLLAGEN 3X10,OMEXXEL,Thực phẩm chức năng,Hỗ trợ làm đẹp,00045382,380000.0,Hộp,Viên nang mềm,"Collagen 1000mg, DẦU CÁ BIỂN 1000mg",Hộp 3 Vỉ x 10 Viên,True,Long Chau,Collagen,True,1.0,1635,16,102.19,240264.94,47059,491883,"Nhà thuốc Gia Hân, Nhà thuốc Tâm Đức, Nhà thuốc Trung Sơn, Nhà thuốc An Khang, Nhà thuốc Phúc An, Nhà thuốc Long Châu, Nhà thuốc Minh Châu, Nhà thuốc Hoa Sen",03/05/2025,26/03/2025,Mua 10 tặng 2 + đào tạo kiến thức sản phẩm; Cứ 7 tặng 1 cùng loại (14%) hoặc tích điểm,Khác,2,True,True,1.0
LC_00040296,VIÊN UỐNG BỔ SUNG DHA CHO PHỤ NỮ MANG THAI PROMUM DHA ALG 3X10,VIÊN UỐNG BỔ SUNG DHA CHO PHỤ NỮ MANG THAI PROMUM DHA ALG 3X10,proMUM,Thực phẩm chức năng,Vitamin & Khoáng chất,00040296,499000.0,Hộp,Viên nang mềm,"Dầu tảo Schizochytrium sp 1000mg, Vitamin E 6mg",Hộp 3 Vỉ x 10 Viên,True,Long Chau,DHA,True,1.0,571,6,95.17,260824.17,130615,482228,"Nhà thuốc Tâm Đức, Nhà thuốc Phúc An, Nhà thuốc Long Châu, Nhà thuốc An Khang",07/09/2025,21/08/2025,"Cứ 2 hộp tặng 5 hộp DHA 1 vỉ (26.3%), tối đa",Khác,1,True,True,1.0
LC_00345339,COLLAGEN WITH VITAMIN C NATURES BOUNTY 90V,COLLAGEN WITH VITAMIN C NATURES BOUNTY 90V,Nature's Bounty,Thực phẩm chức năng,Hỗ trợ làm đẹp,00345339,550000.0,Hộp,Viên nén,"Collagen 1000mg, Vitamin C 10mg, Sodium 6.25mg, L-ornithine hydrochloride 15mg",Hộp 90 Viên,True,Long Chau,Collagen,True,1.0,1635,16,102.19,240264.94,47059,491883,"Nhà thuốc Gia Hân, Nhà thuốc Tâm Đức, Nhà thuốc Trung Sơn, Nhà thuốc An Khang, Nhà thuốc Phúc An, Nhà thuốc Long Châu, Nhà thuốc Minh Châu, Nhà thuốc Hoa Sen",03/05/2025,26/03/2025,Mua 10 tặng 2 + đào tạo kiến thức sản phẩm; Cứ 7 tặng 1 cùng loại (14%) hoặc tích điểm,Khác,2,True,True,1.0
LC_00047402,ENTEROGERMINA GUT DEFENSE SANOFI 2X10 ỐNG,ENTEROGERMINA GUT DEFENSE SANOFI 2X10 ỐNG,Sanofi,Thực phẩm chức năng,Hỗ trợ tiêu hóa,00047402,194000.0,Hộp,Hỗn dịch uống,Bacillus clausii 2x10^9cfu,Hộp 2 Vỉ x 10 Ống,True,Long Chau,Enterogermina,True,1.0,416,4,104.0,231011.75,57439,470542,"Nhà thuốc Phúc An, Nhà thuốc An Khang, Nhà thuốc Hoa Sen, Nhà thuốc Minh Châu",05/09/2025,26/01/2025,"Cứ 2 tặng 1 (50%), được cộng hưởng cùng",Khác,1,True,True,1.0
LC_00503050,BOGANIC PREMIUM TRAPHACO 30V,BOGANIC PREMIUM TRAPHACO 30V,Traphaco,Thực phẩm chức năng,Cải thiện tăng cường chức năng,00503050,280000.0,Hộp,Viên nang mềm,"Glutathione 150mg, Cao Boganic GACP 100mg, Silymarin 50mg, Riboflavin 4mg, Selen 20mcg",Hộp 1 Lọ x 30 Viên,True,Long Chau,Boganic,True,1.0,80,2,40.0,290460.0,190272,390648,"Nhà thuốc Minh Châu, Nhà thuốc Hoa Sen",27/07/2025,29/04/2025,Mua 10 tặng 2 + đào tạo kiến thức sản phẩm,Khác,1,True,True,1.0
LC_00020443,XỊT HỌNG THẢO DƯỢC EUGICA 10ML,XỊT HỌNG THẢO DƯỢC EUGICA 10ML,MEGA We care,Thực phẩm chức năng,Hỗ trợ điều trị,00020443,60000.0,Chai,Dung dịch,"Rễ Cam Thảo 30.59mg, Tinh dầu bạc hà 80.2mg, Cúc la mã 134.67mg, Mật ong 200.5mg, Eucalyptol 8.49mg, Keo ong xanh Brazil 3.01mg, Tá dược vừa đủ , Nha đam 1mg",Chai x 10ml,True,Long Chau,Eugica,True,1.0,580,5,116.0,272424.0,60456,418014,"Nhà thuốc Hoa Sen, Nhà thuốc An Khang, Nhà thuốc Long Châu",04/05/2025,21/08/2025,Cứ 3 tặng 1 cùng loại (33%),Khác,1,True,True,1.0
LC_00503903,MEN VI SINH PROBIOTICS BIFINA BABY 30 GÓI,MEN VI SINH PROBIOTICS BIFINA BABY 30 GÓI,BIFINA,Thực phẩm chức năng,Hỗ trợ tiêu hóa,00503903,421000.0,Hộp,Dạng bột,Bifidobacterium Breve 10^9cfu,Hộp 30 Gói,True,Long Chau,Probiotics,True,1.0,560,6,93.33,183833.67,25322,400659,"Nhà thuốc Minh Châu, Nhà thuốc Hoa Sen, Nhà thuốc Phúc An, Nhà thuốc Trung Sơn",02/01/2025,28/04/2025,,,0,True,False,0.8
LC_00033661,METHORPHAN TRAPHACO 100ML,METHORPHAN TRAPHACO 100ML,Traphaco,Thực phẩm chức năng,Hỗ trợ điều trị,00033661,46000.0,Hộp,Siro,"Cao lá thường xuân 30mg, Keo Ong 25mg, Marshmallow 25mg",Hộp x 100ml,True,Long Chau,Methorphan,True,1.0,676,6,112.67,134966.67,44702,267579,"Nhà thuốc Gia Hân, Nhà thuốc An Khang, Nhà thuốc Phúc An, Nhà thuốc Hoa Sen",01/08/2025,30/01/2025,Cứ 3 tặng 1 cùng loại (33%),Khác,1,True,True,1.0
LC_00032135,EUGICA COLD FLU MEGA 10 GÓI,EUGICA COLD FLU MEGA 10 GÓI,MEGA We care,Thực phẩm chức năng,Hỗ trợ điều trị,00032135,69000.0,Hộp,Cốm,"Tiêu Lốt 10mg, Tiêu đen 10mg, Thì là 5mg, Tomato (Solanum Lycopersicum) Extract 5mg, Gừng 5mg, Riềng 4mg, Ngò rí 3mg, chiết xuất carum 3mg, Vàng Đắng 3mg, Cang mai 2mg, Cam thảo 2mg",Hộp 10 Gói x 40g,True,Long Chau,Eugica,True,1.0,580,5,116.0,272424.0,60456,418014,"Nhà thuốc Hoa Sen, Nhà thuốc An Khang, Nhà thuốc Long Châu",04/05/2025,21/08/2025,Cứ 3 tặng 1 cùng loại (33%),Khác,1,True,True,1.0
LC_00503328,"KEM DƯỠNG DA TAY REIHAKU HATOMUGI HAND CREAM DƯỠNG ẨM, CHỐNG NHĂN 65G","KEM DƯỠNG DA TAY REIHAKU HATOMUGI HAND CREAM DƯỠNG ẨM, CHỐNG NHĂN 65G",HATOMUGI,Dược mỹ phẩm,Chăm sóc cơ thể,00503328,100000.0,Tuýp,Dạng kem,"Fragrance , Phenoxyethanol , Ethylparaben , Methylparaben , Tetrasodium EDTA , Sodium hydroxide , Sodium hyaluronate , Coix Lacryma-Jobi Ma-Yuen Seed Extract , Acrylates/C10-C30 Alkyl Acrylate Crosspolymer , Steareth-6 , Butylene glycol , Squalane , Glycerin , PEG-150 Distearate , Paraffinum Liquidum , Aqua/ Water ",Tuýp x 65g,True,Long Chau,Hand Sanitizer,True,1.0,811,6,135.17,248690.0,36331,485615,"Nhà thuốc Phúc An, Nhà thuốc Gia Hân, Nhà thuốc An Khang, Nhà thuốc Long Châu",05/02/2025,28/08/2025,,,0,True,False,0.8
LC_00502571,CANESTEN CREAM 1% BAYER 5G,CANESTEN CREAM 1% BAYER 5G,Bayer,Thuốc,Thuốc da liễu,00502571,22000.0,Hộp,Kem,Clotrimazol 10mg,Hộp x 5g,True,Long Chau,Canesten,True,1.0,796,7,113.71,242871.57,59449,456917,"Nhà thuốc Trung Sơn, Nhà thuốc Tâm Đức, Nhà thuốc Long Châu, Nhà thuốc Gia Hân, Nhà thuốc Hoa Sen",02/02/2025,16/09/2025,Mua 1 hoặc cả 2 loại: Mức 1: Cứ 3 tặng 1,Khác,1,True,True,1.0
LC_00032865,PARACETAMOL STADA 500MG 10X10,PARACETAMOL STADA 500MG 10X10,Stada,Thuốc,"Thuốc giảm đau, hạ sốt, kháng viêm",00032865,500.0,Viên,Viên nén bao phim,Paracetamol 500mg,Hộp 10 Vỉ x 10 Viên,True,Long Chau,Paracetamol,True,1.0,471,6,78.5,223694.0,56686,422312,"Nhà thuốc Hoa Sen, Nhà thuốc Tâm Đức, Nhà thuốc Long Châu, Nhà thuốc Phúc An",02/05/2025,16/05/2025,"Cứ 2 hộp tặng 5 hộp Paracetamol 1 vỉ; Mua 10 tặng 1 hộp, áp dụng cho đơn hàng từ 2 triệu trở lên","Khác, Thuốc giảm đau - hạ sốt",2,True,True,1.0
LC_00016534,GAVISCON DUAL ACTION 24 GÓI X 10ML,GAVISCON DUAL ACTION 24 GÓI X 10ML,Reckitt Benckiser,Thuốc,Thuốc tiêu hoá & gan mật,00016534,10000.0,Gói,Hỗn dịch uống,"Alginic acid 500mg, Sodium bicarbonate 213mg, Calcium Carbonate 325mg",Hộp 24 Gói x 240ml,True,Long Chau,Gaviscon,True,1.0,1017,9,113.0,264422.44,75917,431963,"Nhà thuốc Hoa Sen, Nhà thuốc Phúc An, Nhà thuốc Tâm Đức, Nhà thuốc Long Châu, Nhà thuốc Gia Hân, Nhà thuốc Trung Sơn",03/08/2025,25/01/2025,Cứ 7 tặng 1 cùng loại (14%) hoặc tích điểm,Khác,1,True,True,1.0
LC_00030246,VIÊN NGẬM STREPSILS MAXPRO 2X8,VIÊN NGẬM STREPSILS MAXPRO 2X8,Reckitt Benckiser,Thuốc,Thuốc hô hấp,00030246,44000.0,Hộp,Viên ngậm,Flurbiprofen 8.75mg,Hộp 2 Vỉ x 8 Viên,True,Long Chau,Strepsils,True,1.0,1064,10,106.4,286963.1,23201,477556,"Nhà thuốc Hoa Sen, Nhà thuốc Gia Hân, Nhà thuốc Long Châu, Nhà thuốc An Khang, Nhà thuốc Phúc An",06/02/2025,29/08/2025,"Cứ 20 lốc thưởng 5% bằng điểm, thêm",Khác,1,True,True,1.0
LC_00014017,VIÊN NGẬM STREPSILS THROAT AND COUGH 2X12,VIÊN NGẬM STREPSILS THROAT AND COUGH 2X12,Reckitt Benckiser,Thuốc,Thuốc hô hấp,00014017,55000.0,Hộp,Viên nén ngậm,Ambroxol 15mg,Hộp 2 Vỉ x 12 Viên,True,Long Chau,Strepsils,True,1.0,1064,10,106.4,286963.1,23201,477556,"Nhà thuốc Hoa Sen, Nhà thuốc Gia Hân, Nhà thuốc Long Châu, Nhà thuốc An Khang, Nhà thuốc Phúc An",06/02/2025,29/08/2025,"Cứ 20 lốc thưởng 5% bằng điểm, thêm",Khác,1,True,True,1.0
LC_00040386,SMECTA ORANGE & VANILLA IPSEN 10 GÓI,SMECTA ORANGE & VANILLA IPSEN 10 GÓI,Ipsen,Thuốc,Thuốc tiêu hoá & gan mật,00040386,50000.0,Hộp,Bột pha hỗn dịch uống,Diosmectite 3g,Hộp 10 Gói,True,Long Chau,Smecta,True,1.0,261,4,65.25,377001.75,316709,468432,"Nhà thuốc Long Châu, Nhà thuốc Trung Sơn, Nhà thuốc Tâm Đức",05/02/2025,29/05/2025,Cứ 3 tặng 1 cùng loại (33%),Khác,1,True,True,1.0
LC_00010253,EUGICA XANH DHG 10X10,EUGICA XANH DHG 10X10,MEGA We care,Thuốc,Thuốc hô hấp,00010253,730.0,Viên,Viên nang mềm,"Eucalyptol 100mg, Tinh dầu tần 0.18mg, Tinh dầu gừng 0.5mg, Menthol natural 0.5mg",Hộp 10 Vỉ x 10 Viên,True,Long Chau,Eugica,True,1.0,580,5,116.0,272424.0,60456,418014,"Nhà thuốc Hoa Sen, Nhà thuốc An Khang, Nhà thuốc Long Châu",04/05/2025,21/08/2025,Cứ 3 tặng 1 cùng loại (33%),Khác,1,True,True,1.0
LC_00001374,BOGANIC FORTE TRAPHACO 5X10,BOGANIC FORTE TRAPHACO 5X10,Traphaco,Thuốc,Thuốc tiêu hoá & gan mật,00001374,115000.0,Hộp,Viên nang mềm,"Bìm Bìm 13.6mg, Rau đắng đất 128mg, Cao khô actiso 170mg",Hộp 5 vỉ x 10 viên,True,Long Chau,Boganic,True,1.0,80,2,40.0,290460.0,190272,390648,"Nhà thuốc Minh Châu, Nhà thuốc Hoa Sen",27/07/2025,29/04/2025,Mua 10 tặng 2 + đào tạo kiến thức sản phẩm,Khác,1,True,True,1.0
LC_00010601,VIÊN NGẬM STREPSILS SOOTHING HONEY AND LEMON 2X12,VIÊN NGẬM STREPSILS SOOTHING HONEY AND LEMON 2X12,Reckitt Benckiser,Thuốc,Thuốc hô hấp,00010601,37500.0,Hộp,Viên ngậm,"Dichlorobenzyl alcohol 1.2mg, Amylmetacresol 0.6mg",Hộp 2 Vỉ x 12 Viên,True,Long Chau,Strepsils,True,1.0,1064,10,106.4,286963.1,23201,477556,"Nhà thuốc Hoa Sen, Nhà thuốc Gia Hân, Nhà thuốc Long Châu, Nhà thuốc An Khang, Nhà thuốc Phúc An",06/02/2025,29/08/2025,"Cứ 20 lốc thưởng 5% bằng điểm, thêm",Khác,1,True,True,1.0
LC_00009723,BEROCCA BAYER 10V,BEROCCA BAYER 10V,Bayer,Thuốc,Thuốc bổ & vitamin,00009723,7500.0,Viên,Viên sủi,"Vitamin B1 15mg, Vitamin B2 15mg, Vitamin B6 10mg, Vitamin B12 0.01mg, Vitamin B3 50mg, Vitamin B5 23mg, Magnesia 100mg, Vitamin C 500mg, Calcium 100mg, Vitamin B8 0.15mg, Kẽm 10mg",Tuýp 10 Viên,True,Long Chau,Berocca,True,1.0,997,10,99.7,300939.3,41092,434545,"Nhà thuốc Hoa Sen, Nhà thuốc An Khang, Nhà thuốc Minh Châu, Nhà thuốc Tâm Đức, Nhà thuốc Trung Sơn",01/02/2025,22/01/2025,Cứ 5 hộp tặng 2 hộp 2 vỉ (8.3%) hoặc cứ 10,Khác,1,True,True,1.0
LC_00008182,YUMANGEL 1G 20 GÓI,YUMANGEL 1G 20 GÓI,Yuhan,Thuốc,Thuốc tiêu hoá & gan mật,00008182,5000.0,Gói,Hỗn dịch,Almagate 1g,Hộp 20 Gói x 15ml,True,Long Chau,Yumangel,True,1.0,270,2,135.0,341426.5,211182,471671,"Nhà thuốc An Khang, Nhà thuốc Gia Hân",22/01/2025,23/03/2025,"Tích điểm 5% + hỗ trợ POSM (poster,",Khác,1,True,True,1.0
LC_00006780,SMECTA ORANGE 3G IPSEN 30 GÓI,SMECTA ORANGE 3G IPSEN 30 GÓI,Ipsen,Thuốc,Thuốc tiêu hoá & gan mật,00006780,4667.0,Gói,Bột pha hỗn dịch uống,Diosmectite 3g,Hộp 30 Gói x 3g,True,Long Chau,Smecta,True,1.0,261,4,65.25,377001.75,316709,468432,"Nhà thuốc Long Châu, Nhà thuốc Trung Sơn, Nhà thuốc Tâm Đức",05/02/2025,29/05/2025,Cứ 3 tặng 1 cùng loại (33%),Khác,1,True,True,1.0
LC_00006137,PROSPAN ENGELHARD 100ML,PROSPAN ENGELHARD 100ML,Engelhard,Thuốc,Thuốc hô hấp,00006137,93000.0,Chai,Siro,Chiết xuất cao khô lá thường xuân 17.5mg,Chai x 100ml,True,Long Chau,Prospan,True,1.0,1171,12,97.58,230921.25,29825,494700,"Nhà thuốc Minh Châu, Nhà thuốc Gia Hân, Nhà thuốc Hoa Sen, Nhà thuốc Long Châu, Nhà thuốc An Khang, Nhà thuốc Tâm Đức, Nhà thuốc Trung Sơn",01/05/2025,29/09/2025,"Cứ 20 lốc thưởng 5% bằng điểm, thêm; Chiết khấu thêm 5% cho đơn hàng từ 100 hộp trở lên","Khác, Thuốc ho & cảm lạnh",2,True,True,1.0
LC_00005663,OTRIVIN 0.05% NASAL DROPS GSK 10ML,OTRIVIN 0.05% NASAL DROPS GSK 10ML,Gsk,Thuốc,"Thuốc Mắt, Tai, Mũi, Họng",00005663,40500.0,Chai,Dung  dịch nhỏ mũi,Xylometazoline hydrochloride 0.05%,Chai x 10ml,True,Long Chau,Otrivin,True,1.0,416,5,83.2,350357.2,219191,468502,"Nhà thuốc Trung Sơn, Nhà thuốc Gia Hân, Nhà thuốc Long Châu, Nhà thuốc An Khang",09/06/2025,31/08/2025,Cứ 5 hộp tặng 2 hộp 2 vỉ (8.3%) hoặc cứ 10,Khác,1,True,True,1.0
LC_00005661,OTRIVIN 0.05% NASAL SPRAY HALEON 10ML,OTRIVIN 0.05% NASAL SPRAY HALEON 10ML,HALEON,Thuốc,"Thuốc Mắt, Tai, Mũi, Họng",00005661,50000.0,Chai,Dung dịch xịt mũi,Xylometazoline hydrochloride 0.05%,Chai x 10ml,True,Long Chau,Otrivin,True,1.0,416,5,83.2,350357.2,219191,468502,"Nhà thuốc Trung Sơn, Nhà thuốc Gia Hân, Nhà thuốc Long Châu, Nhà thuốc An Khang",09/06/2025,31/08/2025,Cứ 5 hộp tặng 2 hộp 2 vỉ (8.3%) hoặc cứ 10,Khác,1,True,True,1.0
LC_00005660,OTRIVIN 0.1% NASAL SPRAY HALEON 10ML,OTRIVIN 0.1% NASAL SPRAY HALEON 10ML,HALEON,Thuốc,"Thuốc Mắt, Tai, Mũi, Họng",00005660,52000.0,Chai,Dung dịch xịt mũi,Xylometazoline hydrochloride 0.1%,Chai x 10ml,True,Long Chau,Otrivin,True,1.0,416,5,83.2,350357.2,219191,468502,"Nhà thuốc Trung Sơn, Nhà thuốc Gia Hân, Nhà thuốc Long Châu, Nhà thuốc An Khang",09/06/2025,31/08/2025,Cứ 5 hộp tặng 2 hộp 2 vỉ (8.3%) hoặc cứ 10,Khác,1,True,True,1.0
LC_00003280,GAVISCON 24 GÓI X 10ML,GAVISCON 24 GÓI X 10ML,Reckitt Benckiser,Thuốc,Thuốc tiêu hoá & gan mật,00003280,8000.0,Gói,Hỗn dịch,"alginate 500mg, natri bicarbonate 267mg, Calci carbonat 160mg",Hộp 24 Gói,True,Long Chau,Gaviscon,True,1.0,1017,9,113.0,264422.44,75917,431963,"Nhà thuốc Hoa Sen, Nhà thuốc Phúc An, Nhà thuốc Tâm Đức, Nhà thuốc Long Châu, Nhà thuốc Gia Hân, Nhà thuốc Trung Sơn",03/08/2025,25/01/2025,Cứ 7 tặng 1 cùng loại (14%) hoặc tích điểm,Khác,1,True,True,1.0
LC_00002304,DECOLGEN UNITED 60ML,DECOLGEN UNITED 60ML,United,Thuốc,Thuốc hô hấp,00002304,21000.0,Chai,Siro,"Paracetamol 100mg, Phenylephrine 2.5mg, Chlorpheniramine 0.33mg",Chai x 60ml,True,Long Chau,Decolgen,True,1.0,598,8,74.75,256391.5,40898,480703,"Nhà thuốc Minh Châu, Nhà thuốc Tâm Đức, Nhà thuốc Long Châu, Nhà thuốc Gia Hân",01/08/2025,31/03/2025,,,0,True,False,0.8
LC_00001554,CANESTEN CREAM 1% 20G,CANESTEN CREAM 1% 20G,Bayer,Thuốc,Thuốc da liễu,00001554,53000.0,Tuýp,Kem,Clotrimazole 10mg/g,Tuýp,True,Long Chau,Canesten,True,1.0,796,7,113.71,242871.57,59449,456917,"Nhà thuốc Trung Sơn, Nhà thuốc Tâm Đức, Nhà thuốc Long Châu, Nhà thuốc Gia Hân, Nhà thuốc Hoa Sen",02/02/2025,16/09/2025,Mua 1 hoặc cả 2 loại: Mức 1: Cứ 3 tặng 1,Khác,1,True,True,1.0
LC_00001553,CANESTEN 100MG 6-DAYS-THERAPY BAYER 1X6,CANESTEN 100MG 6-DAYS-THERAPY BAYER 1X6,Bayer,Thuốc,Thuốc tiết niệu - sinh dục,00001553,102000.0,Hộp,Viên nén đặt âm đạo,Clotrimazole 100mg,Hộp 1 Vỉ x 6 Viên,True,Long Chau,Canesten,True,1.0,796,7,113.71,242871.57,59449,456917,"Nhà thuốc Trung Sơn, Nhà thuốc Tâm Đức, Nhà thuốc Long Châu, Nhà thuốc Gia Hân, Nhà thuốc Hoa Sen",02/02/2025,16/09/2025,Mua 1 hoặc cả 2 loại: Mức 1: Cứ 3 tặng 1,Khác,1,True,True,1.0
LC_00016119,LORATADIN 10MG TRAPHACO 1X10,LORATADIN 10MG TRAPHACO 1X10,Traphaco,Thuốc,Thuốc dị ứng,00016119,1000.0,Viên,Viên nén,Loratadine 10mg,Hộp 1 Vỉ x 10 Viên,True,Long Chau,Loratadin,True,1.0,0,0,0.0,0.0,0,0,,,,"Chiết khấu theo bậc: >50 hộp 5%, >100 hộp",Khác,1,False,True,0.8
LC_00015240,A.T DESLORATADIN 2.5MG AN THIÊN 30 ỐNG X 5ML,A.T DESLORATADIN 2.5MG AN THIÊN 30 ỐNG X 5ML,An Thiên,Thuốc,Thuốc dị ứng,00015240,111000.0,Hộp,Dung dịch uống,Desloratadine 2.5mg,Hộp 30 Ống x 5ml,True,Long Chau,Loratadin,True,1.0,0,0,0.0,0.0,0,0,,,,"Chiết khấu theo bậc: >50 hộp 5%, >100 hộp",Khác,1,False,True,0.8
LC_00015195,YUMANGEL F 20 GÓI YUHAN,YUMANGEL F 20 GÓI YUHAN,Yuhan,Thuốc,Thuốc tiêu hoá & gan mật,00015195,6300.0,Gói,Hỗn dịch,Almagate 1.5g,Hộp 20 gói,True,Long Chau,Yumangel,True,1.0,270,2,135.0,341426.5,211182,471671,"Nhà thuốc An Khang, Nhà thuốc Gia Hân",22/01/2025,23/03/2025,"Tích điểm 5% + hỗ trợ POSM (poster,",Khác,1,True,True,1.0
LC_00013883,BOGANIC VBP TRAPHACO 5X20,BOGANIC VBP TRAPHACO 5X20,Traphaco,Thuốc,Thuốc tiêu hoá & gan mật,00013883,80000.0,Hộp,Viên nén bao phim,"Bìm Bìm 7.5mg, Rau đắng đất 75mg, Atisô 100mg",Hộp 5 Vỉ x 20 Viên,True,Long Chau,Boganic,True,1.0,80,2,40.0,290460.0,190272,390648,"Nhà thuốc Minh Châu, Nhà thuốc Hoa Sen",27/07/2025,29/04/2025,Mua 10 tặng 2 + đào tạo kiến thức sản phẩm,Khác,1,True,True,1.0
LC_00010373,PROSPAN 2X10 - KẸO NGẬM,PROSPAN 2X10 - KẸO NGẬM,Engelhard,Thuốc,Thuốc hô hấp,00010373,79000.0,Hộp,Viên ngậm,Cao Thường Xuân 26mg,Hộp 2 Vỉ x 10 Viên,True,Long Chau,Prospan,True,1.0,1171,12,97.58,230921.25,29825,494700,"Nhà thuốc Minh Châu, Nhà thuốc Gia Hân, Nhà thuốc Hoa Sen, Nhà thuốc Long Châu, Nhà thuốc An Khang, Nhà thuốc Tâm Đức, Nhà thuốc Trung Sơn",01/05/2025,29/09/2025,"Cứ 20 lốc thưởng 5% bằng điểm, thêm; Chiết khấu thêm 5% cho đơn hàng từ 100 hộp trở lên","Khác, Thuốc ho & cảm lạnh",2,True,True,1.0
LC_00005628,OSLA MERAP 15ML,OSLA MERAP 15ML,Merap,Thuốc,"Thuốc Mắt, Tai, Mũi, Họng",00005628,24000.0,Chai,Dung dịch nhỏ mắt,Natri clorid 0.033 ,Chai x 15ml,True,Long Chau,Osla,True,1.0,391,4,97.75,283579.75,79814,406171,"Nhà thuốc Tâm Đức, Nhà thuốc Phúc An, Nhà thuốc Minh Châu, Nhà thuốc Gia Hân",10/05/2025,26/08/2025,,,0,True,False,0.8
LC_00002814,ENTEROGERMINA 2 TỶ SANOFI 2X10 5ML,ENTEROGERMINA 2 TỶ SANOFI 2X10 5ML,Sanofi,Thuốc,Thuốc tiêu hoá & gan mật,00002814,160000.0,Hộp,Hỗn dịch,Bào tử kháng đa kháng sinh Bacillus clausii 2tỷ cfu,Hộp 2 Vỉ x 10 Ống x 5ml,True,Long Chau,Enterogermina,True,1.0,416,4,104.0,231011.75,57439,470542,"Nhà thuốc Phúc An, Nhà thuốc An Khang, Nhà thuốc Hoa Sen, Nhà thuốc Minh Châu",05/09/2025,26/01/2025,"Cứ 2 tặng 1 (50%), được cộng hưởng cùng",Khác,1,True,True,1.0
LC_00029664,PROSPAN FORTE 100ML,PROSPAN FORTE 100ML,Engelhard,Thuốc,Thuốc hô hấp,00029664,96000.0,Chai,Dung dịch uống,Chiết xuất cao khô lá thường xuân 35mg,Chai x 100ml,True,Long Chau,Prospan,True,1.0,1171,12,97.58,230921.25,29825,494700,"Nhà thuốc Minh Châu, Nhà thuốc Gia Hân, Nhà thuốc Hoa Sen, Nhà thuốc Long Châu, Nhà thuốc An Khang, Nhà thuốc Tâm Đức, Nhà thuốc Trung Sơn",01/05/2025,29/09/2025,"Cứ 20 lốc thưởng 5% bằng điểm, thêm; Chiết khấu thêm 5% cho đơn hàng từ 100 hộp trở lên","Khác, Thuốc ho & cảm lạnh",2,True,True,1.0
LC_00030670,ENTEROGERMINA 4 TỶ/ ỐNG 5ML SANOFI 2X10,ENTEROGERMINA 4 TỶ/ ỐNG 5ML SANOFI 2X10,Sanofi,Thuốc,Thuốc tiêu hoá & gan mật,00030670,290000.0,Hộp,Hỗn dịch,Bào tử kháng đa kháng sinh Bacillus clausii 4tỷ cfu,Hộp 2 Vỉ x 10 Ống,True,Long Chau,Enterogermina,True,1.0,416,4,104.0,231011.75,57439,470542,"Nhà thuốc Phúc An, Nhà thuốc An Khang, Nhà thuốc Hoa Sen, Nhà thuốc Minh Châu",05/09/2025,26/01/2025,"Cứ 2 tặng 1 (50%), được cộng hưởng cùng",Khác,1,True,True,1.0
LC_00049129,DECOLGEN ND 500MG UNITED 30X4,DECOLGEN ND 500MG UNITED 30X4,United,Thuốc,"Thuốc giảm đau, hạ sốt, kháng viêm",00049129,1250.0,Viên,Viên nén,"Paracetamol 500mg, Phenylephrine 10mg",Hộp 30 Vỉ x 4 Viên,True,Long Chau,Decolgen,True,1.0,598,8,74.75,256391.5,40898,480703,"Nhà thuốc Minh Châu, Nhà thuốc Tâm Đức, Nhà thuốc Long Châu, Nhà thuốc Gia Hân",01/08/2025,31/03/2025,,,0,True,False,0.8
LC_00503044,A.T DESLORATADIN 2.5MG AN THIÊN 60ML,A.T DESLORATADIN 2.5MG AN THIÊN 60ML,An Thiên,Thuốc,Thuốc dị ứng,00503044,28000.0,Chai,Dung dịch uống,Desloratadine 2.5mg,Chai x 60ml,True,Long Chau,Loratadin,True,1.0,0,0,0.0,0.0,0,0,,,,"Chiết khấu theo bậc: >50 hộp 5%, >100 hộp",Khác,1,False,True,0.8
LC_00018508,A.T IBUPROFEN SYRUP 100MG AN THIÊN 30 ỐNG X 5ML - HỖN DỊCH UỐNG,A.T IBUPROFEN SYRUP 100MG AN THIÊN 30 ỐNG X 5ML - HỖN DỊCH UỐNG,An Thiên,Thuốc,"Thuốc giảm đau, hạ sốt, kháng viêm",00018508,85000.0,Hộp,Hỗn dịch uống,Ibuprofen 100mg,Hộp 30 Ống x 5ml,True,Long Chau,Ibuprofen,True,1.0,229,3,76.33,249401.33,46289,357990,"Nhà thuốc Minh Châu, Nhà thuốc An Khang, Nhà thuốc Trung Sơn",10/06/2025,27/05/2025,Cứ 5 hộp tặng 2 hộp 2 vỉ (8.3%) hoặc cứ 10,Khác,1,True,True,1.0
LC_00049130,DECOLGEN FORTE UNITED 30X4,DECOLGEN FORTE UNITED 30X4,United,Thuốc,"Thuốc giảm đau, hạ sốt, kháng viêm",00049130,1250.0,Viên,Viên nén,"Paracetamol 500mg, Phenylephrine 10mg, Chlorpheniramine 2mg",Hộp 30 Vỉ x 4 Viên,True,Long Chau,Decolgen,True,1.0,598,8,74.75,256391.5,40898,480703,"Nhà thuốc Minh Châu, Nhà thuốc Tâm Đức, Nhà thuốc Long Châu, Nhà thuốc Gia Hân",01/08/2025,31/03/2025,,,0,True,False,0.8
LC_00047527,PECTOL TE SAGOPHA 90ML,PECTOL TE SAGOPHA 90ML,Sagopha,Thuốc,Thuốc hô hấp,00047527,55000.0,Hộp,Siro,"Trần bì 75mg, Núc nác 100mg, Húng chanh 2000mg, Cát cánh 25mg, An tức hương 10mg",Hộp,True,Long Chau,Pectol,True,1.0,190,4,47.5,279425.5,128440,370152,"Nhà thuốc Hoa Sen, Nhà thuốc Phúc An, Nhà thuốc Minh Châu, Nhà thuốc Gia Hân",01/08/2025,28/09/2025,"Cứ 20 lốc thưởng 5% bằng điểm, thêm",Khác,1,True,True,1.0
LC_00502885,A.T IBUPROFEN SYRUP 100MG AN THIÊN 60ML,A.T IBUPROFEN SYRUP 100MG AN THIÊN 60ML,An Thiên,Thuốc,"Thuốc giảm đau, hạ sốt, kháng viêm",00502885,20000.0,Chai,Hỗn dịch,Ibuprofen 100mg,Chai x 60ml,True,Long Chau,Ibuprofen,True,1.0,229,3,76.33,249401.33,46289,357990,"Nhà thuốc Minh Châu, Nhà thuốc An Khang, Nhà thuốc Trung Sơn",10/06/2025,27/05/2025,Cứ 5 hộp tặng 2 hộp 2 vỉ (8.3%) hoặc cứ 10,Khác,1,True,True,1.0
LC_00501373,PROFEN IBUPROFEN 100MG/10ML CPC1HN 2X5 ỐNG ,PROFEN IBUPROFEN 100MG/10ML CPC1HN 2X5 ỐNG ,CPC1HN,Thuốc,"Thuốc giảm đau, hạ sốt, kháng viêm",00501373,60000.0,Hộp,Hỗn dịch,Ibuprofen 100mg,Hộp 2 Vỉ x 5 Ống x 10ml,True,Long Chau,Ibuprofen,True,1.0,229,3,76.33,249401.33,46289,357990,"Nhà thuốc Minh Châu, Nhà thuốc An Khang, Nhà thuốc Trung Sơn",10/06/2025,27/05/2025,Cứ 5 hộp tặng 2 hộp 2 vỉ (8.3%) hoặc cứ 10,Khác,1,True,True,1.0
LC_00005793,PECTOL-E SAGOPHA 90ML,PECTOL-E SAGOPHA 90ML,Sagopha,Thuốc,Thuốc hô hấp,00005793,39000.0,Chai,Siro,"Eucalyptol 0.18, Viễn chí 14.58, Natri benzoat 2.7, Cồn bọ mắm 1.8, Húng chanh 16.2, Bồ đề 0.18",Chai x 90ml,True,Long Chau,Pectol,True,1.0,190,4,47.5,279425.5,128440,370152,"Nhà thuốc Hoa Sen, Nhà thuốc Phúc An, Nhà thuốc Minh Châu, Nhà thuốc Gia Hân",01/08/2025,28/09/2025,"Cứ 20 lốc thưởng 5% bằng điểm, thêm",Khác,1,True,True,1.0
LC_00018799,PARACETAMOL CHOAY 500MG SANOFI 10X10,PARACETAMOL CHOAY 500MG SANOFI 10X10,Sanofi,Thuốc,"Thuốc giảm đau, hạ sốt, kháng viêm",00018799,750.0,Viên,Viên nén,Acetaminophen 500mg,Hộp 10 Vỉ x 10 Viên,True,Long Chau,Paracetamol,True,1.0,471,6,78.5,223694.0,56686,422312,"Nhà thuốc Hoa Sen, Nhà thuốc Tâm Đức, Nhà thuốc Long Châu, Nhà thuốc Phúc An",02/05/2025,16/05/2025,"Cứ 2 hộp tặng 5 hộp Paracetamol 1 vỉ; Mua 10 tặng 1 hộp, áp dụng cho đơn hàng từ 2 triệu trở lên","Khác, Thuốc giảm đau - hạ sốt",2,True,True,1.0
LC_00021638,SMECTAGO 3G IPSEN 12 GÓI,SMECTAGO 3G IPSEN 12 GÓI,Ipsen,Thuốc,Thuốc tiêu hoá & gan mật,00021638,120000.0,Hộp,Hỗn dịch uống,Diosmectite 3g,Hộp 12 Gói,True,Long Chau,Smecta,True,1.0,261,4,65.25,377001.75,316709,468432,"Nhà thuốc Long Châu, Nhà thuốc Trung Sơn, Nhà thuốc Tâm Đức",05/02/2025,29/05/2025,Cứ 3 tặng 1 cùng loại (33%),Khác,1,True,True,1.0
LC_00022530,PARACETAMOL 500MG QUẢNG BÌNH 10X10,PARACETAMOL 500MG QUẢNG BÌNH 10X10,Quapharco,Thuốc,Thuốc hô hấp,00022530,360.0,Viên,Viên nén,Paracetamol 500mg,Hộp 10 Vỉ x 10 Viên,True,Long Chau,Paracetamol,True,1.0,471,6,78.5,223694.0,56686,422312,"Nhà thuốc Hoa Sen, Nhà thuốc Tâm Đức, Nhà thuốc Long Châu, Nhà thuốc Phúc An",02/05/2025,16/05/2025,"Cứ 2 hộp tặng 5 hộp Paracetamol 1 vỉ; Mua 10 tặng 1 hộp, áp dụng cho đơn hàng từ 2 triệu trở lên","Khác, Thuốc giảm đau - hạ sốt",2,True,True,1.0
LC_00018741,PECTOLVAN IVY FARMAK 100ML - SIRO HO CHO NGƯỜI LỚN VÀ TRẺ EM,PECTOLVAN IVY FARMAK 100ML - SIRO HO CHO NGƯỜI LỚN VÀ TRẺ EM,Farmak,Thuốc,Thuốc hô hấp,00018741,76000.0,Chai,Siro,Chiết xuất cao khô lá thường xuân 35mg,Chai x 100ml,True,Long Chau,Pectol,True,1.0,190,4,47.5,279425.5,128440,370152,"Nhà thuốc Hoa Sen, Nhà thuốc Phúc An, Nhà thuốc Minh Châu, Nhà thuốc Gia Hân",01/08/2025,28/09/2025,"Cứ 20 lốc thưởng 5% bằng điểm, thêm",Khác,1,True,True,1.0
LC_00020291,PROBIOTICS LACTOMIN PLUS 30 GÓI MEBIPHAR,PROBIOTICS LACTOMIN PLUS 30 GÓI MEBIPHAR,Mebiphar,Thuốc,Thuốc tiêu hoá & gan mật,00020291,5733.0,Gói,Cốm,"Lactobacillus rhamnosus 100mg, Bifidobacterium longum 100mg, Lactobacillus acidophilus 100mg",Hộp 30 Gói,True,Long Chau,Probiotics,True,1.0,560,6,93.33,183833.67,25322,400659,"Nhà thuốc Minh Châu, Nhà thuốc Hoa Sen, Nhà thuốc Phúc An, Nhà thuốc Trung Sơn",02/01/2025,28/04/2025,,,0,True,False,0.8
LC_00030173,LORATADINE 10MG THÀNH NAM 10X10,LORATADINE 10MG THÀNH NAM 10X10,Thành Nam,Thuốc,Thuốc dị ứng,00030173,27000.0,Hộp,Viên nén,Loratadine 10mg,Hộp 10 Vỉ x 10 Viên,True,Long Chau,Loratadine,True,1.0,320,4,80.0,300564.25,165852,432811,"Nhà thuốc Long Châu, Nhà thuốc Trung Sơn",17/05/2025,21/08/2025,,,0,True,False,0.8
LC_00009968,METHORPHAN TRAPHACO 2X10,METHORPHAN TRAPHACO 2X10,Traphaco,Thuốc,Thuốc hô hấp,00009968,0.0,Viên,Viên nén bao phim,"Loratadine 2.5mg, Dextromethorphan 10mg, Guaifenesin 100mg",Hộp 2 vỉ x 10 viên,True,Long Chau,Methorphan,True,1.0,676,6,112.67,134966.67,44702,267579,"Nhà thuốc Gia Hân, Nhà thuốc An Khang, Nhà thuốc Phúc An, Nhà thuốc Hoa Sen",01/08/2025,30/01/2025,Cứ 3 tặng 1 cùng loại (33%),Khác,1,True,True,0.8
LC_00029815,SOSLAC G3 15G AMPHARCO 15G,SOSLAC G3 15G AMPHARCO 15G,Ampharco,Thuốc,Thuốc da liễu,00029815,0.0,Hộp,Dạng kem,"Betamethason dipropionat 9.6mg, Gentamycin 15mg, Clotrimazol 150mg",Hộp,True,Long Chau,Osla,True,1.0,391,4,97.75,283579.75,79814,406171,"Nhà thuốc Tâm Đức, Nhà thuốc Phúc An, Nhà thuốc Minh Châu, Nhà thuốc Gia Hân",10/05/2025,26/08/2025,,,0,True,False,0.6
LC_00503264,DEXTROMETHORPHAN 15MG TIPHARCO 10X10,DEXTROMETHORPHAN 15MG TIPHARCO 10X10,Tipharco,Thuốc,Thuốc hô hấp,00503264,0.0,Viên,Viên nén bao phim,Dextromethorphan hydrobromid 15mg,Hộp 10 Vỉ x 10 Viên,True,Long Chau,Methorphan,True,1.0,676,6,112.67,134966.67,44702,267579,"Nhà thuốc Gia Hân, Nhà thuốc An Khang, Nhà thuốc Phúc An, Nhà thuốc Hoa Sen",01/08/2025,30/01/2025,Cứ 3 tặng 1 cùng loại (33%),Khác,1,True,True,0.8
LC_00032883,DESLORATADINE 5MG GENEPHARM 2X15,DESLORATADINE 5MG GENEPHARM 2X15,Genepharm,Thuốc,"Thuốc Mắt, Tai, Mũi, Họng",00032883,0.0,Hộp,Viên nén bao phim,Desloratadine 5mg,Hộp 2 Vỉ x 15 Viên,True,Long Chau,Loratadine,True,1.0,320,4,80.0,300564.25,165852,432811,"Nhà thuốc Long Châu, Nhà thuốc Trung Sơn",17/05/2025,21/08/2025,,,0,True,False,0.6
LC_00014807,OSLA REDI 15ML,OSLA REDI 15ML,Merap,Thuốc,"Thuốc Mắt, Tai, Mũi, Họng",00014807,0.0,Chai,Dung dịch,"Kẽm 25mg, Tetrahydrozoline 5mg",Chai,True,Long Chau,Osla,True,1.0,391,4,97.75,283579.75,79814,406171,"Nhà thuốc Tâm Đức, Nhà thuốc Phúc An, Nhà thuốc Minh Châu, Nhà thuốc Gia Hân",10/05/2025,26/08/2025,,,0,True,False,0.6
LC_00012419,MERIKA PROBIOTICS DAVAC 20 GÓI,MERIKA PROBIOTICS DAVAC 20 GÓI,Davac,Thuốc,Thuốc tiêu hoá & gan mật,00012419,0.0,Gói,Bột pha hỗn dịch uống,"Lactobacillus acidophilus 500000000cfu, Bacillus subtilis 100000000cfu",Hộp 20 Gói,True,Long Chau,Probiotics,True,1.0,560,6,93.33,183833.67,25322,400659,"Nhà thuốc Minh Châu, Nhà thuốc Hoa Sen, Nhà thuốc Phúc An, Nhà thuốc Trung Sơn",02/01/2025,28/04/2025,,,0,True,False,0.6
LC_00033217,BEROCCA PERFORMANCE ORANGE BAYER SỦI 12X2,BEROCCA PERFORMANCE ORANGE BAYER SỦI 12X2,Bayer,Thuốc,Thuốc bổ & vitamin,00033217,0.0,Hộp,Viên sủi,"Vitamin B1 15mg, Vitamin B2 15mg, Vitamin B6 10mg, Vitamin B12 0.01mg, Vitamin B3 50mg, Vitamin B5 23mg, Magnesium 100mg, Vitamin C 500mg, Zinc 10mg, Calcium 100mg, Vitamin B8 0.15mg, Vitamin B9 0.4mg",Hộp 12 Vỉ x 2 Viên,True,Long Chau,Berocca,True,1.0,997,10,99.7,300939.3,41092,434545,"Nhà thuốc Hoa Sen, Nhà thuốc An Khang, Nhà thuốc Minh Châu, Nhà thuốc Tâm Đức, Nhà thuốc Trung Sơn",01/02/2025,22/01/2025,Cứ 5 hộp tặng 2 hộp 2 vỉ (8.3%) hoặc cứ 10,Khác,1,True,True,0.8
LC_00032957,"DUNG DỊCH XỊT KHUẨN TAY NATURAL HAND SANITIZER DIỆT KHUẨN, KHỬ MÙI 500ML","DUNG DỊCH XỊT KHUẨN TAY NATURAL HAND SANITIZER DIỆT KHUẨN, KHỬ MÙI 500ML",La Beauty,Chăm sóc cá nhân,Vệ sinh cá nhân,00032957,85000.0,Chai,,Aqua ,Chai,True,Long Chau,Hand Sanitizer,True,1.0,811,6,135.17,248690.0,36331,485615,"Nhà thuốc Phúc An, Nhà thuốc Gia Hân, Nhà thuốc An Khang, Nhà thuốc Long Châu",05/02/2025,28/08/2025,,,0,True,False,0.8
LC_00031658,"GEL RỬA TAY KHÔ NATURAL HAND SANITIZER SÁT KHUẨN, LÀM SẠCH TAY 250ML","GEL RỬA TAY KHÔ NATURAL HAND SANITIZER SÁT KHUẨN, LÀM SẠCH TAY 250ML",La Beauty,Chăm sóc cá nhân,Vệ sinh cá nhân,00031658,55000.0,Chai,Gel,"Propylene glycol , Myristyl Alcohol , Phenoxyethanol , triethanolamine , Fragrance , Carbomer , Glycerin , Chiết xuất quế , Trà xanh , Tinh dầu Sả chanh , Water purified ",Chai x 250ml,True,Long Chau,Hand Sanitizer,True,1.0,811,6,135.17,248690.0,36331,485615,"Nhà thuốc Phúc An, Nhà thuốc Gia Hân, Nhà thuốc An Khang, Nhà thuốc Long Châu",05/02/2025,28/08/2025,,,0,True,False,0.8
LC_00009625,NƯỚC SÚC MIỆNG BẠC HÀ LISTERINE COOLMINT 750ML,NƯỚC SÚC MIỆNG BẠC HÀ LISTERINE COOLMINT 750ML,Listerine,Chăm sóc cá nhân,Chăm sóc răng miệng,00009625,168000.0,Chai,,"Acid benzoic , Poloxamer , Sorbitol , Alcohol , Nước (aqua) , Sodium saccharin , Eucalyptol , Thymol , Methyl salicylate , Menthol , Sodium benzoate , Flavor ",Chai,True,Long Chau,Listerine,True,1.0,209,4,52.25,297738.0,67881,425104,"Nhà thuốc An Khang, Nhà thuốc Minh Châu, Nhà thuốc Trung Sơn",05/02/2025,29/06/2025,"Tích điểm 5% + hỗ trợ POSM (poster,",Khác,1,True,True,1.0
LC_00004483,NƯỚC SÚC MIỆNG BẠC HÀ LISTERINE COOLMINT 250ML,NƯỚC SÚC MIỆNG BẠC HÀ LISTERINE COOLMINT 250ML,Listerine,Chăm sóc cá nhân,Chăm sóc răng miệng,00004483,70000.0,Chai,,"Water , Alcohol , Sorbitol , Poloxamer 407 , Benzoic Acid , Sodium saccharin , Eucalyptol , Thymol , Menthol , Sodium benzoate , Tá dược vừa đủ , Methyl Salicylat , Flavor ",Chai,True,Long Chau,Listerine,True,1.0,209,4,52.25,297738.0,67881,425104,"Nhà thuốc An Khang, Nhà thuốc Minh Châu, Nhà thuốc Trung Sơn",05/02/2025,29/06/2025,"Tích điểm 5% + hỗ trợ POSM (poster,",Khác,1,True,True,1.0
LC_00015332,NƯỚC SÚC MIỆNG TRÀ XANH LISTERINE GREENTEA 250ML,NƯỚC SÚC MIỆNG TRÀ XANH LISTERINE GREENTEA 250ML,Listerine,Chăm sóc cá nhân,Chăm sóc răng miệng,00015332,80000.0,Chai,,"Menthol , Thymol , Poloxamer , Propylene glycol , Sorbitol , Nước (aqua) , Sodium lauryl sulfate , Flavor , Eucalytol , Benzoic Acid , Sodium benzoate , Methyl salicylate , Sodium fluoride , Sodium saccharin , Sucralose , Green Tea ",Chai,True,Long Chau,Listerine,True,1.0,209,4,52.25,297738.0,67881,425104,"Nhà thuốc An Khang, Nhà thuốc Minh Châu, Nhà thuốc Trung Sơn",05/02/2025,29/06/2025,"Tích điểm 5% + hỗ trợ POSM (poster,",Khác,1,True,True,1.0
LC_00009554,DUNG DỊCH XỊT MŨI STERIMAR HYGIENE AND COMFORT 50ML - XỊT VỆ SINH MŨI CHO TRẺ EM TỪ 3 TUỔI & NGƯỜI LỚN,DUNG DỊCH XỊT MŨI STERIMAR HYGIENE AND COMFORT 50ML - XỊT VỆ SINH MŨI CHO TRẺ EM TỪ 3 TUỔI & NGƯỜI LỚN,Hyphens,Thiết bị y tế,Dụng cụ y tế,00009554,112000.0,Chai,Dung dịch xịt mũi,"Nước biển sâu 15.91ml, Nước tinh khiết ",Chai x 50ml,True,Long Chau,Sterimar,True,1.0,166,2,83.0,387727.5,350010,425445,"Nhà thuốc Trung Sơn, Nhà thuốc Gia Hân",07/02/2025,23/05/2025,Mua 1 hoặc cả 2 loại: Mức 1: Cứ 3 tặng 1,Khác,1,True,True,1.0
LC_00006901,DUNG DỊCH XỊT MŨI TRẺ EM STERIMAR HYGIENE BABY 50ML - VỆ SINH MŨI CHO BÉ TỪ 0-3 TUỔI,DUNG DỊCH XỊT MŨI TRẺ EM STERIMAR HYGIENE BABY 50ML - VỆ SINH MŨI CHO BÉ TỪ 0-3 TUỔI,Hyphens,Thiết bị y tế,Dụng cụ y tế,00006901,115000.0,Chai,Dung dịch xịt mũi,Nước biển sâu ,Chai x 50ml,True,Long Chau,Sterimar,True,1.0,166,2,83.0,387727.5,350010,425445,"Nhà thuốc Trung Sơn, Nhà thuốc Gia Hân",07/02/2025,23/05/2025,Mua 1 hoặc cả 2 loại: Mức 1: Cứ 3 tặng 1,Khác,1,True,True,1.0
LC_00013747,"DUNG DỊCH XỊT MŨI TRẺ EM STERIMAR BLOCKED NOSE BABY 50ML -  GIÚP THÔNG MŨI, KHÁNG VIÊM CHO TRẺ EM TỪ 3 THÁNG - 3 TUỔI","DUNG DỊCH XỊT MŨI TRẺ EM STERIMAR BLOCKED NOSE BABY 50ML -  GIÚP THÔNG MŨI, KHÁNG VIÊM CHO TRẺ EM TỪ 3 THÁNG - 3 TUỔI",Hyphens,Thiết bị y tế,Dụng cụ y tế,00013747,115000.0,Chai,Dung dịch xịt mũi,Nước biển sâu  ,Chai,True,Long Chau,Sterimar,True,1.0,166,2,83.0,387727.5,350010,425445,"Nhà thuốc Trung Sơn, Nhà thuốc Gia Hân",07/02/2025,23/05/2025,Mua 1 hoặc cả 2 loại: Mức 1: Cứ 3 tặng 1,Khác,1,True,True,1.0
